candidate_id,gender,age_group,region,college_tier,years_experience,assessment_score,interview_score,hired
1,Male,20-25,Urban,Tier2,1,83,87,1
2,Male,26-30,Urban,Tier1,3,72,78,1
3,Male,26-30,Rural,Tier3,6,54,68,0
4,Female,31-35,Urban,Tier3,6,61,57,0
5,Male,20-25,Rural,Tier1,6,46,62,0
6,Female,26-30,Rural,Tier3,8,47,99,0
7,Female,20-25,Urban,Tier2,5,76,52,0
8,Male,20-25,Urban,Tier2,1,94,54,1
9,Male,26-30,Urban,Tier3,2,63,62,0
10,Male,26-30,Rural,Tier2,1,78,80,1
11,Male,26-30,Urban,Tier2,4,99,80,1
12,Male,26-30,Rural,Tier3,3,92,42,0
13,Female,26-30,Urban,Tier3,9,96,85,1
14,Female,20-25,Urban,Tier3,10,69,49,0
15,Female,20-25,Rural,Tier2,9,67,97,1
16,Female,26-30,Rural,Tier1,7,45,88,0
17,Male,31-35,Urban,Tier1,10,67,78,1
18,Male,26-30,Urban,Tier2,4,75,95,1
19,Male,26-30,Urban,Tier3,4,89,81,1
20,Female,20-25,Urban,Tier2,4,72,88,1
21,Male,26-30,Urban,Tier2,10,72,78,1
22,Male,20-25,Rural,Tier2,8,98,40,1
23,Female,26-30,Urban,Tier2,4,55,43,0
24,Male,31-35,Rural,Tier1,7,92,44,1
25,Male,20-25,Urban,Tier2,4,73,95,1
26,Female,31-35,Rural,Tier3,3,85,59,0
27,Female,31-35,Rural,Tier2,8,68,47,0
28,Male,20-25,Urban,Tier2,3,77,54,0
29,Male,20-25,Rural,Tier2,0,95,61,1
30,Male,26-30,Urban,Tier2,8,48,86,1
31,Female,20-25,Urban,Tier2,1,46,82,0
32,Female,26-30,Urban,Tier3,0,83,81,0
33,Male,20-25,Rural,Tier3,1,55,52,0
34,Male,26-30,Urban,Tier1,7,55,95,1
35,Male,26-30,Rural,Tier2,0,81,74,1
36,Male,31-35,Rural,Tier3,2,66,71,0
37,Female,20-25,Urban,Tier1,6,40,64,0
38,Female,31-35,Rural,Tier2,8,82,85,1
39,Female,20-25,Urban,Tier3,9,87,74,1
40,Male,31-35,Urban,Tier2,8,98,94,1
41,Male,20-25,Urban,Tier3,1,78,44,0
42,Male,26-30,Rural,Tier2,9,78,42,0
43,Male,26-30,Urban,Tier2,4,53,82,0
44,Female,20-25,Urban,Tier2,4,69,60,0
45,Male,20-25,Rural,Tier2,1,44,74,0
46,Male,26-30,Urban,Tier2,1,96,55,1
47,Female,20-25,Urban,Tier2,4,79,91,1
48,Male,26-30,Urban,Tier3,1,100,96,1
49,Male,20-25,Rural,Tier3,2,57,58,0
50,Male,31-35,Urban,Tier2,4,72,71,1
51,Female,31-35,Rural,Tier1,6,93,57,1
52,Male,20-25,Rural,Tier2,4,50,87,1
53,Female,26-30,Urban,Tier1,1,100,96,1
54,Male,26-30,Rural,Tier2,2,67,48,0
55,Male,26-30,Rural,Tier3,0,97,62,1
56,Male,26-30,Rural,Tier2,8,96,95,1
57,Female,31-35,Rural,Tier3,3,95,50,0
58,Male,31-35,Urban,Tier3,5,90,99,1
59,Female,31-35,Rural,Tier3,4,50,90,0
60,Male,26-30,Urban,Tier2,3,92,98,1
61,Female,26-30,Rural,Tier3,3,41,82,0
62,Male,26-30,Urban,Tier1,4,62,81,1
63,Female,26-30,Rural,Tier2,0,47,96,0
64,Female,20-25,Rural,Tier2,1,78,67,0
65,Female,31-35,Urban,Tier2,8,47,64,0
66,Male,20-25,Rural,Tier1,8,83,86,1
67,Male,26-30,Urban,Tier2,5,79,60,1
68,Male,31-35,Urban,Tier2,6,60,65,0
69,Female,26-30,Urban,Tier2,6,83,87,1
70,Male,26-30,Urban,Tier2,0,59,58,0
71,Male,26-30,Urban,Tier2,7,68,68,1
72,Male,26-30,Rural,Tier3,2,82,45,0
73,Female,26-30,Rural,Tier2,3,83,59,0
74,Male,31-35,Urban,Tier1,7,79,94,1
75,Male,26-30,Rural,Tier2,6,71,65,1
76,Male,20-25,Rural,Tier3,1,89,67,1
77,Male,20-25,Rural,Tier2,0,75,55,0
78,Male,26-30,Rural,Tier2,8,78,60,1
79,Female,26-30,Rural,Tier2,8,68,97,1
80,Male,31-35,Urban,Tier2,3,93,80,1
81,Female,31-35,Urban,Tier2,4,68,44,0
82,Female,20-25,Urban,Tier3,1,48,49,0
83,Male,26-30,Urban,Tier2,6,66,61,0
84,Female,26-30,Urban,Tier2,9,100,84,1
85,Male,31-35,Rural,Tier2,0,100,62,1
86,Female,31-35,Rural,Tier3,6,74,87,1
87,Male,26-30,Urban,Tier2,6,61,82,1
88,Female,31-35,Rural,Tier3,9,74,41,0
89,Female,26-30,Rural,Tier1,6,48,95,1
90,Female,20-25,Urban,Tier2,7,60,61,0
91,Female,20-25,Rural,Tier2,1,70,41,0
92,Male,31-35,Urban,Tier2,10,42,88,1
93,Male,31-35,Urban,Tier1,2,55,48,0
94,Female,26-30,Urban,Tier2,4,89,63,1
95,Male,26-30,Rural,Tier3,2,59,46,0
96,Male,31-35,Urban,Tier3,6,65,100,1
97,Male,20-25,Rural,Tier2,1,84,89,1
98,Female,31-35,Rural,Tier1,9,90,42,1
99,Female,26-30,Rural,Tier1,10,61,40,0
100,Female,31-35,Urban,Tier3,10,97,93,1
101,Female,31-35,Urban,Tier3,10,57,79,0
102,Female,26-30,Rural,Tier2,5,94,55,1
103,Male,20-25,Urban,Tier3,9,79,82,1
104,Female,26-30,Urban,Tier2,7,53,62,0
105,Female,26-30,Rural,Tier3,4,75,40,0
106,Male,20-25,Rural,Tier2,3,84,70,1
107,Female,26-30,Urban,Tier2,6,84,55,0
108,Female,26-30,Urban,Tier2,5,67,87,1
109,Female,26-30,Urban,Tier2,3,47,86,0
110,Male,26-30,Rural,Tier3,2,52,53,0
111,Female,20-25,Urban,Tier3,9,58,46,0
112,Male,20-25,Urban,Tier2,8,48,57,0
113,Male,31-35,Urban,Tier2,2,80,95,1
114,Female,20-25,Urban,Tier2,7,68,61,0
115,Male,31-35,Urban,Tier3,1,92,44,0
116,Female,26-30,Urban,Tier2,2,49,91,0
117,Female,20-25,Urban,Tier2,6,78,78,1
118,Male,31-35,Urban,Tier3,4,95,77,1
119,Female,26-30,Rural,Tier2,1,100,88,1
120,Male,26-30,Urban,Tier1,3,51,75,0
121,Male,20-25,Urban,Tier2,7,58,42,0
122,Male,20-25,Urban,Tier3,1,83,54,0
123,Female,31-35,Rural,Tier2,3,67,47,0
124,Male,26-30,Rural,Tier3,1,43,50,0
125,Female,26-30,Rural,Tier3,7,47,69,0
126,Female,26-30,Rural,Tier2,7,68,45,0
127,Male,31-35,Rural,Tier2,0,45,54,0
128,Male,31-35,Rural,Tier2,0,88,88,1
129,Male,26-30,Rural,Tier3,2,77,67,0
130,Female,31-35,Urban,Tier2,5,82,46,0
131,Male,26-30,Rural,Tier2,6,92,88,1
132,Male,26-30,Urban,Tier2,6,95,72,1
133,Male,26-30,Urban,Tier2,3,73,63,0
134,Female,26-30,Rural,Tier2,8,48,99,1
135,Female,26-30,Rural,Tier1,10,78,91,1
136,Male,31-35,Urban,Tier1,6,45,54,0
137,Male,26-30,Urban,Tier3,7,99,85,1
138,Female,26-30,Urban,Tier3,7,55,69,0
139,Male,26-30,Rural,Tier2,2,95,44,0
140,Female,31-35,Rural,Tier2,8,57,92,1
141,Male,20-25,Urban,Tier2,10,71,95,1
142,Male,26-30,Urban,Tier2,8,64,69,1
143,Female,31-35,Rural,Tier2,6,54,94,1
144,Female,20-25,Rural,Tier3,6,64,82,0
145,Male,26-30,Urban,Tier2,9,61,95,1
146,Male,31-35,Urban,Tier2,7,40,86,0
147,Male,26-30,Rural,Tier1,7,90,56,1
148,Female,26-30,Urban,Tier1,5,94,83,1
149,Female,31-35,Rural,Tier3,7,95,74,1
150,Male,26-30,Urban,Tier2,4,54,87,1
151,Male,26-30,Urban,Tier2,1,68,50,0
152,Female,31-35,Urban,Tier3,4,62,63,0
153,Female,20-25,Urban,Tier2,2,50,51,0
154,Male,26-30,Urban,Tier2,7,98,77,1
155,Male,20-25,Rural,Tier2,10,40,97,1
156,Female,31-35,Rural,Tier1,7,100,62,1
157,Female,26-30,Urban,Tier2,4,52,64,0
158,Female,20-25,Urban,Tier2,4,84,58,0
159,Male,31-35,Rural,Tier2,9,95,83,1
160,Male,31-35,Rural,Tier3,4,89,91,1
161,Male,26-30,Urban,Tier2,9,56,83,1
162,Male,26-30,Rural,Tier2,4,90,68,1
163,Male,26-30,Rural,Tier1,4,60,87,1
164,Female,20-25,Urban,Tier2,5,73,72,0
165,Female,31-35,Urban,Tier3,7,91,58,0
166,Female,31-35,Urban,Tier1,3,95,83,1
167,Female,31-35,Rural,Tier2,6,40,56,0
168,Male,26-30,Rural,Tier2,9,64,92,1
169,Female,20-25,Urban,Tier1,8,60,98,1
170,Male,26-30,Rural,Tier2,4,81,66,1
171,Male,20-25,Rural,Tier2,7,47,46,0
172,Male,31-35,Urban,Tier2,10,100,87,1
173,Female,26-30,Rural,Tier3,10,46,93,0
174,Female,26-30,Rural,Tier2,5,53,68,0
175,Female,31-35,Rural,Tier1,10,63,74,1
176,Female,20-25,Urban,Tier3,7,45,82,0
177,Male,26-30,Urban,Tier1,5,55,48,0
178,Male,20-25,Rural,Tier2,3,92,95,1
179,Male,26-30,Urban,Tier3,0,57,94,0
180,Male,31-35,Urban,Tier3,1,82,95,1
181,Male,20-25,Urban,Tier3,9,60,41,0
182,Male,20-25,Urban,Tier2,1,87,44,0
183,Female,26-30,Urban,Tier2,7,72,54,0
184,Male,31-35,Rural,Tier2,4,69,81,1
185,Male,20-25,Urban,Tier2,10,46,71,0
186,Female,20-25,Urban,Tier2,1,48,57,0
187,Female,26-30,Urban,Tier2,8,78,67,1
188,Male,31-35,Urban,Tier2,8,86,95,1
189,Male,26-30,Rural,Tier2,7,65,66,1
190,Male,26-30,Urban,Tier2,2,83,99,1
191,Female,20-25,Rural,Tier1,1,87,87,1
192,Female,31-35,Urban,Tier2,8,75,61,0
193,Male,26-30,Rural,Tier3,6,95,98,1
194,Male,31-35,Rural,Tier2,9,72,53,1
195,Male,26-30,Urban,Tier1,8,63,47,0
196,Female,26-30,Rural,Tier3,9,79,83,1
197,Male,26-30,Rural,Tier2,0,51,57,0
198,Female,31-35,Urban,Tier1,2,76,82,1
199,Female,20-25,Rural,Tier3,1,87,73,0
200,Male,26-30,Urban,Tier1,4,86,60,1
201,Male,31-35,Urban,Tier3,0,83,45,0
202,Female,26-30,Urban,Tier2,6,57,53,0
203,Male,26-30,Urban,Tier2,9,71,73,1
204,Female,20-25,Urban,Tier2,0,53,59,0
205,Male,31-35,Rural,Tier2,1,40,71,0
206,Female,20-25,Urban,Tier3,8,75,93,1
207,Female,20-25,Rural,Tier1,0,69,98,1
208,Male,31-35,Urban,Tier2,10,66,58,1
209,Male,26-30,Rural,Tier1,9,69,93,1
210,Female,20-25,Rural,Tier2,9,65,73,0
211,Male,26-30,Urban,Tier2,5,89,50,1
212,Male,26-30,Urban,Tier2,5,62,86,1
213,Male,20-25,Urban,Tier1,9,49,88,1
214,Male,20-25,Rural,Tier2,9,88,77,1
215,Female,26-30,Rural,Tier2,9,60,95,1
216,Female,20-25,Urban,Tier2,4,90,57,0
217,Male,26-30,Urban,Tier2,0,43,63,0
218,Female,20-25,Rural,Tier3,9,78,72,1
219,Female,26-30,Urban,Tier3,0,68,98,0
220,Male,26-30,Urban,Tier1,0,68,46,0
221,Female,31-35,Urban,Tier2,0,55,85,0
222,Female,31-35,Urban,Tier2,5,63,98,1
223,Female,26-30,Rural,Tier2,0,90,80,1
224,Female,20-25,Urban,Tier2,4,56,86,0
225,Male,26-30,Urban,Tier1,5,59,81,1
226,Female,20-25,Rural,Tier1,8,64,81,1
227,Female,31-35,Rural,Tier3,10,98,73,1
228,Male,26-30,Urban,Tier2,5,59,51,0
229,Male,26-30,Rural,Tier1,2,49,44,0
230,Female,31-35,Urban,Tier3,8,42,82,0
231,Female,31-35,Rural,Tier2,2,50,51,0
232,Male,31-35,Urban,Tier2,3,68,79,1
233,Female,31-35,Rural,Tier2,3,59,91,0
234,Female,31-35,Urban,Tier2,9,68,69,0
235,Female,31-35,Urban,Tier2,2,92,52,0
236,Male,31-35,Urban,Tier2,5,75,99,1
237,Male,31-35,Urban,Tier1,1,88,50,1
238,Female,26-30,Urban,Tier3,1,100,98,1
239,Male,31-35,Rural,Tier3,6,43,65,0
240,Female,20-25,Rural,Tier2,0,60,99,0
241,Male,31-35,Rural,Tier3,2,42,58,0
242,Female,26-30,Urban,Tier3,7,79,40,0
243,Male,20-25,Urban,Tier1,9,73,67,1
244,Male,31-35,Urban,Tier1,3,66,80,1
245,Female,20-25,Rural,Tier2,8,41,80,0
246,Male,31-35,Urban,Tier1,5,55,76,1
247,Female,20-25,Rural,Tier2,5,44,73,0
248,Male,26-30,Urban,Tier2,5,56,87,1
249,Male,26-30,Urban,Tier2,10,80,46,1
250,Female,20-25,Urban,Tier2,10,51,93,1
251,Female,31-35,Urban,Tier1,2,44,85,0
252,Female,20-25,Urban,Tier3,0,60,99,0
253,Female,26-30,Rural,Tier2,4,42,88,0
254,Male,20-25,Rural,Tier1,10,61,57,1
255,Male,31-35,Urban,Tier2,7,97,64,1
256,Female,31-35,Urban,Tier2,8,57,91,1
257,Male,31-35,Urban,Tier2,2,74,58,0
258,Female,20-25,Urban,Tier2,7,78,85,1
259,Female,20-25,Urban,Tier2,5,79,67,0
260,Female,26-30,Rural,Tier1,10,80,65,1
261,Female,26-30,Rural,Tier1,0,49,94,0
262,Female,20-25,Urban,Tier3,5,63,64,0
263,Male,26-30,Rural,Tier3,5,68,88,1
264,Male,26-30,Urban,Tier2,10,57,55,0
265,Male,20-25,Urban,Tier2,8,47,56,0
266,Female,31-35,Urban,Tier2,7,52,47,0
267,Male,31-35,Urban,Tier3,7,45,91,1
268,Female,26-30,Rural,Tier2,4,97,59,1
269,Male,31-35,Rural,Tier2,5,72,54,0
270,Male,31-35,Rural,Tier2,7,41,63,0
271,Female,26-30,Rural,Tier1,1,44,59,0
272,Female,31-35,Rural,Tier2,6,92,76,1
273,Male,20-25,Urban,Tier1,7,83,73,1
274,Female,20-25,Rural,Tier2,9,51,89,1
275,Male,26-30,Rural,Tier1,1,73,49,0
276,Female,20-25,Urban,Tier3,5,100,100,1
277,Female,31-35,Urban,Tier2,8,57,48,0
278,Female,26-30,Urban,Tier2,9,100,77,1
279,Male,20-25,Rural,Tier3,5,93,99,1
280,Male,31-35,Urban,Tier1,10,89,76,1
281,Female,26-30,Rural,Tier2,10,41,71,0
282,Female,26-30,Urban,Tier2,10,65,59,0
283,Female,20-25,Urban,Tier2,7,69,53,0
284,Female,26-30,Urban,Tier3,5,65,48,0
285,Female,26-30,Urban,Tier2,1,57,68,0
286,Male,20-25,Urban,Tier3,9,66,55,0
287,Male,31-35,Rural,Tier3,3,88,50,0
288,Female,31-35,Urban,Tier3,7,41,45,0
289,Female,26-30,Rural,Tier2,5,43,43,0
290,Female,26-30,Rural,Tier2,7,58,74,0
291,Male,31-35,Urban,Tier3,5,88,65,1
292,Female,20-25,Urban,Tier2,5,75,58,0
293,Male,26-30,Urban,Tier2,9,83,79,1
294,Male,20-25,Urban,Tier2,5,75,100,1
295,Female,31-35,Urban,Tier2,8,42,42,0
296,Male,20-25,Urban,Tier2,7,49,78,0
297,Male,26-30,Rural,Tier1,9,87,93,1
298,Female,26-30,Urban,Tier2,7,85,76,1
299,Female,26-30,Urban,Tier2,1,66,77,0
300,Female,31-35,Rural,Tier2,0,78,70,0
301,Female,31-35,Rural,Tier3,9,54,86,0
302,Male,26-30,Urban,Tier2,9,89,93,1
303,Female,20-25,Rural,Tier1,1,52,41,0
304,Female,26-30,Urban,Tier2,6,72,89,1
305,Female,31-35,Rural,Tier1,2,73,53,0
306,Female,31-35,Urban,Tier2,2,69,98,1
307,Female,26-30,Rural,Tier3,10,81,91,1
308,Female,26-30,Urban,Tier2,8,59,54,0
309,Female,31-35,Rural,Tier2,7,60,70,0
310,Female,26-30,Rural,Tier3,4,47,76,0
311,Female,31-35,Urban,Tier2,2,58,42,0
312,Female,31-35,Urban,Tier3,10,56,87,0
313,Female,20-25,Rural,Tier2,8,84,57,1
314,Male,20-25,Rural,Tier2,0,82,97,1
315,Male,26-30,Urban,Tier2,7,46,83,1
316,Male,20-25,Urban,Tier3,6,81,99,1
317,Female,26-30,Urban,Tier3,5,58,81,0
318,Male,31-35,Urban,Tier2,8,87,86,1
319,Male,31-35,Urban,Tier3,2,99,98,1
320,Male,31-35,Urban,Tier2,4,96,42,1
321,Male,20-25,Rural,Tier3,5,58,69,0
322,Female,31-35,Urban,Tier2,4,52,91,0
323,Male,26-30,Rural,Tier2,2,40,87,0
324,Female,31-35,Urban,Tier3,2,79,94,1
325,Female,31-35,Urban,Tier1,10,46,51,0
326,Male,26-30,Rural,Tier1,6,55,68,0
327,Female,31-35,Urban,Tier3,0,56,81,0
328,Female,26-30,Urban,Tier1,4,50,65,0
329,Female,26-30,Rural,Tier3,5,79,54,0
330,Male,31-35,Urban,Tier2,9,63,66,1
331,Female,31-35,Rural,Tier3,3,83,88,1
332,Male,26-30,Urban,Tier2,9,47,43,0
333,Male,26-30,Urban,Tier2,8,68,47,0
334,Male,31-35,Urban,Tier3,7,91,43,0
335,Female,20-25,Urban,Tier2,8,69,83,1
336,Female,31-35,Urban,Tier3,3,77,44,0
337,Male,26-30,Rural,Tier2,0,99,97,1
338,Male,31-35,Urban,Tier2,2,89,48,0
339,Female,26-30,Rural,Tier2,6,64,45,0
340,Male,26-30,Urban,Tier1,8,65,73,1
341,Male,31-35,Urban,Tier1,0,59,69,0
342,Female,26-30,Rural,Tier2,5,49,57,0
343,Male,31-35,Rural,Tier1,10,66,79,1
344,Male,20-25,Urban,Tier2,7,78,83,1
345,Male,20-25,Urban,Tier2,8,53,88,1
346,Male,20-25,Rural,Tier2,9,60,76,1
347,Female,20-25,Rural,Tier3,8,54,66,0
348,Female,20-25,Urban,Tier2,2,80,83,1
349,Female,26-30,Urban,Tier2,10,82,64,1
350,Female,26-30,Urban,Tier2,2,88,74,1
351,Female,20-25,Urban,Tier3,2,91,69,0
352,Male,26-30,Rural,Tier2,2,64,55,0
353,Female,20-25,Rural,Tier3,5,45,74,0
354,Male,20-25,Urban,Tier2,0,95,44,0
355,Male,31-35,Urban,Tier2,3,70,53,0
356,Female,26-30,Rural,Tier2,3,87,47,0
357,Female,31-35,Rural,Tier3,6,98,55,0
358,Female,31-35,Urban,Tier2,5,59,56,0
359,Female,26-30,Urban,Tier1,7,88,93,1
360,Female,31-35,Urban,Tier2,9,95,54,1
361,Male,20-25,Urban,Tier2,6,58,49,0
362,Male,26-30,Urban,Tier3,7,75,81,1
363,Female,20-25,Rural,Tier3,10,87,71,1
364,Female,20-25,Rural,Tier1,8,71,51,0
365,Male,26-30,Rural,Tier1,10,43,88,1
366,Male,26-30,Rural,Tier2,2,40,53,0
367,Female,26-30,Rural,Tier2,9,98,70,1
368,Female,20-25,Urban,Tier2,0,73,86,0
369,Female,26-30,Urban,Tier2,10,67,91,1
370,Male,20-25,Urban,Tier1,3,79,73,1
371,Female,31-35,Urban,Tier2,5,65,69,0
372,Male,31-35,Urban,Tier2,1,81,94,1
373,Male,20-25,Urban,Tier2,0,80,40,0
374,Male,20-25,Rural,Tier2,5,76,94,1
375,Male,31-35,Rural,Tier2,9,70,57,1
376,Male,31-35,Rural,Tier2,8,76,82,1
377,Male,20-25,Rural,Tier1,3,77,49,0
378,Female,31-35,Urban,Tier2,9,93,94,1
379,Female,26-30,Urban,Tier2,2,90,84,1
380,Male,26-30,Rural,Tier1,6,54,93,1
381,Male,26-30,Rural,Tier3,6,89,60,1
382,Male,26-30,Rural,Tier2,3,62,75,0
383,Female,26-30,Rural,Tier2,1,89,79,1
384,Female,31-35,Rural,Tier1,2,64,85,1
385,Male,31-35,Urban,Tier1,0,100,59,1
386,Female,26-30,Urban,Tier1,2,67,68,0
387,Female,20-25,Urban,Tier2,9,78,90,1
388,Female,31-35,Urban,Tier2,1,86,97,1
389,Male,26-30,Urban,Tier2,2,57,59,0
390,Female,26-30,Urban,Tier2,6,59,70,0
391,Male,26-30,Rural,Tier3,7,78,79,1
392,Male,26-30,Urban,Tier1,6,61,93,1
393,Female,31-35,Urban,Tier2,10,78,48,0
394,Female,26-30,Rural,Tier2,5,51,65,0
395,Female,20-25,Rural,Tier2,9,90,55,1
396,Female,26-30,Rural,Tier2,1,99,76,1
397,Male,26-30,Urban,Tier2,8,41,100,1
398,Female,31-35,Urban,Tier3,1,92,94,1
399,Female,26-30,Urban,Tier2,4,82,49,0
400,Female,31-35,Urban,Tier3,7,77,65,0
401,Female,26-30,Rural,Tier2,8,78,80,1
402,Male,20-25,Urban,Tier2,2,81,79,1
403,Male,26-30,Rural,Tier2,5,90,67,1
404,Male,20-25,Urban,Tier2,8,75,77,1
405,Male,26-30,Urban,Tier3,9,84,72,1
406,Male,26-30,Urban,Tier1,6,98,45,1
407,Male,31-35,Rural,Tier2,5,69,90,1
408,Male,26-30,Urban,Tier1,7,60,44,0
409,Female,20-25,Rural,Tier1,5,81,46,0
410,Male,31-35,Rural,Tier2,8,50,61,0
411,Female,31-35,Urban,Tier2,2,51,80,0
412,Female,26-30,Rural,Tier3,7,77,67,0
413,Female,20-25,Urban,Tier2,1,76,46,0
414,Male,26-30,Urban,Tier1,10,95,71,1
415,Female,26-30,Rural,Tier2,5,62,94,1
416,Female,26-30,Rural,Tier3,4,98,79,1
417,Male,26-30,Urban,Tier2,1,51,63,0
418,Male,26-30,Urban,Tier1,6,67,51,0
419,Female,26-30,Rural,Tier2,2,75,50,0
420,Female,20-25,Urban,Tier3,9,43,95,0
421,Female,31-35,Urban,Tier1,6,75,72,1
422,Female,26-30,Urban,Tier3,7,71,50,0
423,Male,26-30,Rural,Tier2,0,57,54,0
424,Female,20-25,Urban,Tier3,7,75,72,0
425,Male,26-30,Urban,Tier2,5,74,92,1
426,Male,31-35,Urban,Tier2,6,46,87,1
427,Male,20-25,Rural,Tier2,5,95,92,1
428,Male,26-30,Rural,Tier3,3,53,91,0
429,Female,31-35,Rural,Tier2,9,48,90,0
430,Male,31-35,Rural,Tier2,8,57,78,1
431,Male,26-30,Rural,Tier2,4,100,94,1
432,Male,20-25,Rural,Tier2,0,57,95,1
433,Male,31-35,Urban,Tier1,5,93,55,1
434,Female,26-30,Urban,Tier2,6,64,68,0
435,Male,26-30,Rural,Tier1,8,87,57,1
436,Female,26-30,Urban,Tier2,1,86,69,0
437,Female,31-35,Rural,Tier2,6,92,53,0
438,Female,20-25,Rural,Tier2,9,48,76,0
439,Female,31-35,Rural,Tier3,0,46,80,0
440,Female,20-25,Rural,Tier1,7,40,67,0
441,Male,31-35,Rural,Tier3,4,50,95,1
442,Female,20-25,Urban,Tier1,10,97,81,1
443,Male,20-25,Rural,Tier3,3,67,81,1
444,Male,31-35,Urban,Tier2,2,77,54,0
445,Female,20-25,Rural,Tier3,6,84,48,0
446,Female,20-25,Urban,Tier3,1,46,60,0
447,Female,31-35,Urban,Tier3,2,81,83,1
448,Male,20-25,Urban,Tier2,2,68,62,0
449,Male,26-30,Urban,Tier2,10,68,95,1
450,Male,20-25,Urban,Tier3,9,86,64,1
451,Female,31-35,Urban,Tier1,4,81,45,0
452,Male,26-30,Rural,Tier2,0,94,94,1
453,Female,20-25,Rural,Tier1,6,58,81,1
454,Male,31-35,Rural,Tier2,6,47,55,0
455,Female,26-30,Urban,Tier3,0,63,99,0
456,Female,20-25,Rural,Tier2,5,74,83,1
457,Male,31-35,Rural,Tier3,0,77,44,0
458,Male,20-25,Urban,Tier1,6,72,58,1
459,Female,26-30,Urban,Tier2,8,79,49,0
460,Female,20-25,Urban,Tier3,2,74,60,0
461,Female,26-30,Rural,Tier2,10,44,59,0
462,Female,31-35,Rural,Tier1,1,99,67,1
463,Male,26-30,Rural,Tier2,10,87,51,1
464,Male,20-25,Urban,Tier1,7,100,62,1
465,Female,20-25,Urban,Tier3,4,86,96,1
466,Male,31-35,Urban,Tier3,4,73,44,0
467,Female,31-35,Urban,Tier1,7,72,63,0
468,Male,26-30,Urban,Tier2,4,89,46,0
469,Male,20-25,Urban,Tier1,0,55,42,0
470,Female,26-30,Rural,Tier1,0,75,91,1
471,Female,20-25,Urban,Tier3,5,57,92,0
472,Male,26-30,Urban,Tier2,0,51,54,0
473,Male,31-35,Urban,Tier2,4,89,94,1
474,Female,26-30,Urban,Tier1,3,58,76,0
475,Female,31-35,Urban,Tier2,7,89,89,1
476,Male,31-35,Urban,Tier3,2,40,99,0
477,Female,20-25,Urban,Tier2,0,100,61,1
478,Male,31-35,Urban,Tier3,4,46,53,0
479,Male,26-30,Rural,Tier3,2,85,57,0
480,Male,20-25,Urban,Tier3,6,84,97,1
481,Female,26-30,Rural,Tier2,8,48,80,0
482,Female,20-25,Urban,Tier2,2,55,58,0
483,Female,31-35,Rural,Tier2,5,60,68,0
484,Female,20-25,Rural,Tier1,9,46,49,0
485,Male,20-25,Urban,Tier2,8,62,89,1
486,Male,26-30,Urban,Tier3,1,50,91,0
487,Female,31-35,Rural,Tier1,5,49,45,0
488,Male,31-35,Urban,Tier1,4,56,92,1
489,Male,20-25,Urban,Tier2,8,55,46,0
490,Female,20-25,Rural,Tier1,0,93,89,1
491,Male,20-25,Rural,Tier2,10,100,81,1
492,Male,26-30,Urban,Tier3,0,44,52,0
493,Female,31-35,Urban,Tier3,5,47,42,0
494,Female,20-25,Rural,Tier2,6,71,41,0
495,Female,26-30,Urban,Tier2,2,57,57,0
496,Female,31-35,Urban,Tier2,3,81,58,0
497,Female,26-30,Urban,Tier1,4,64,48,0
498,Female,20-25,Rural,Tier2,10,91,74,1
499,Male,31-35,Rural,Tier2,8,90,71,1
500,Female,31-35,Urban,Tier2,2,41,60,0
501,Male,20-25,Rural,Tier2,7,73,62,1
502,Male,31-35,Urban,Tier2,4,74,92,1
503,Male,31-35,Rural,Tier2,6,62,99,1
504,Male,20-25,Urban,Tier3,5,98,77,1
505,Male,31-35,Urban,Tier2,2,76,100,1
506,Male,31-35,Rural,Tier3,8,59,51,0
507,Female,20-25,Urban,Tier2,0,73,70,0
508,Male,26-30,Rural,Tier3,5,85,51,0
509,Female,20-25,Urban,Tier3,2,89,47,0
510,Female,31-35,Urban,Tier3,6,77,46,0
511,Female,26-30,Urban,Tier1,6,90,80,1
512,Female,26-30,Urban,Tier3,9,90,62,1
513,Male,26-30,Rural,Tier2,4,48,51,0
514,Male,31-35,Rural,Tier2,9,42,51,0
515,Female,31-35,Rural,Tier2,9,46,99,1
516,Female,20-25,Rural,Tier2,5,50,80,0
517,Male,31-35,Rural,Tier3,5,68,40,0
518,Female,20-25,Rural,Tier2,1,86,40,0
519,Male,26-30,Rural,Tier3,6,71,96,1
520,Female,26-30,Urban,Tier3,9,81,88,1
521,Male,20-25,Urban,Tier3,4,41,60,0
522,Female,31-35,Urban,Tier1,6,50,86,0
523,Male,26-30,Rural,Tier1,9,79,97,1
524,Female,31-35,Urban,Tier2,9,96,67,1
525,Male,20-25,Urban,Tier3,6,84,75,1
526,Female,26-30,Urban,Tier1,6,76,75,1
527,Female,20-25,Urban,Tier2,4,92,82,1
528,Female,20-25,Urban,Tier1,4,45,70,0
529,Male,26-30,Urban,Tier2,10,56,45,0
530,Female,20-25,Rural,Tier2,7,42,56,0
531,Female,26-30,Urban,Tier2,0,49,88,0
532,Male,20-25,Urban,Tier2,9,54,75,1
533,Male,31-35,Rural,Tier2,8,83,95,1
534,Female,26-30,Urban,Tier2,6,97,94,1
535,Male,26-30,Rural,Tier3,10,79,49,0
536,Male,31-35,Urban,Tier3,2,53,91,0
537,Male,20-25,Urban,Tier3,6,52,92,1
538,Male,31-35,Urban,Tier3,1,45,64,0
539,Female,26-30,Rural,Tier2,0,90,84,1
540,Female,20-25,Urban,Tier2,9,88,100,1
541,Male,31-35,Urban,Tier1,4,95,74,1
542,Female,31-35,Urban,Tier2,9,78,70,1
543,Male,20-25,Urban,Tier2,10,84,65,1
544,Male,26-30,Rural,Tier2,0,87,70,1
545,Female,31-35,Urban,Tier3,4,59,57,0
546,Female,31-35,Rural,Tier3,3,48,59,0
547,Female,31-35,Urban,Tier3,9,81,45,0
548,Male,26-30,Rural,Tier2,7,88,73,1
549,Female,31-35,Urban,Tier1,4,85,72,1
550,Female,20-25,Rural,Tier3,0,51,52,0
551,Male,31-35,Urban,Tier2,5,85,52,1
552,Female,26-30,Urban,Tier2,1,83,41,0
553,Male,26-30,Urban,Tier1,7,77,75,1
554,Female,26-30,Rural,Tier2,1,58,41,0
555,Female,20-25,Rural,Tier3,3,94,54,0
556,Male,26-30,Urban,Tier2,0,95,89,1
557,Male,26-30,Urban,Tier1,0,54,56,0
558,Female,31-35,Rural,Tier2,6,94,62,1
559,Female,20-25,Urban,Tier2,9,65,77,1
560,Male,20-25,Rural,Tier3,5,75,81,1
561,Female,20-25,Urban,Tier1,4,80,60,0
562,Female,20-25,Rural,Tier3,4,52,49,0
563,Male,31-35,Rural,Tier3,9,65,82,1
564,Female,26-30,Rural,Tier2,4,56,98,1
565,Female,26-30,Rural,Tier2,9,92,52,1
566,Female,31-35,Urban,Tier2,7,98,100,1
567,Female,26-30,Rural,Tier3,8,51,58,0
568,Male,26-30,Rural,Tier3,8,88,98,1
569,Male,31-35,Rural,Tier2,3,62,54,0
570,Female,26-30,Rural,Tier2,9,58,69,0
571,Male,26-30,Rural,Tier2,9,44,70,0
572,Male,26-30,Rural,Tier2,4,66,43,0
573,Male,20-25,Urban,Tier2,9,97,98,1
574,Female,20-25,Rural,Tier1,1,71,61,0
575,Male,26-30,Urban,Tier2,3,88,89,1
576,Male,26-30,Urban,Tier3,1,48,79,0
577,Female,26-30,Urban,Tier3,6,40,42,0
578,Male,31-35,Rural,Tier3,8,52,41,0
579,Male,26-30,Urban,Tier2,5,59,48,0
580,Male,26-30,Urban,Tier1,0,59,100,1
581,Female,26-30,Urban,Tier2,6,96,83,1
582,Male,26-30,Rural,Tier2,3,50,100,1
583,Female,20-25,Urban,Tier3,3,86,41,0
584,Male,20-25,Rural,Tier3,6,96,80,1
585,Female,31-35,Rural,Tier2,0,82,46,0
586,Male,20-25,Urban,Tier2,1,75,56,0
587,Female,31-35,Urban,Tier2,0,59,66,0
588,Male,26-30,Urban,Tier2,2,66,93,1
589,Male,26-30,Rural,Tier2,1,71,52,0
590,Male,31-35,Rural,Tier3,5,85,66,1
591,Female,20-25,Urban,Tier3,7,61,55,0
592,Male,20-25,Urban,Tier1,9,82,71,1
593,Male,31-35,Rural,Tier1,1,97,56,1
594,Male,26-30,Rural,Tier2,0,46,92,0
595,Male,31-35,Rural,Tier2,10,60,67,1
596,Male,20-25,Rural,Tier1,2,82,81,1
597,Male,26-30,Rural,Tier3,4,96,86,1
598,Male,26-30,Urban,Tier1,6,69,57,1
599,Female,26-30,Urban,Tier2,2,47,48,0
600,Male,31-35,Rural,Tier1,9,70,91,1
601,Female,20-25,Urban,Tier2,0,95,83,1
602,Male,26-30,Urban,Tier3,7,42,44,0
603,Female,26-30,Urban,Tier3,8,89,87,1
604,Male,31-35,Rural,Tier2,8,84,84,1
605,Male,26-30,Rural,Tier2,10,83,81,1
606,Female,20-25,Rural,Tier3,9,43,40,0
607,Male,26-30,Urban,Tier2,2,44,88,0
608,Female,26-30,Urban,Tier2,8,54,75,0
609,Female,26-30,Urban,Tier2,9,68,45,0
610,Female,26-30,Urban,Tier2,10,41,46,0
611,Female,26-30,Urban,Tier1,1,90,78,1
612,Female,31-35,Urban,Tier2,7,100,61,1
613,Female,31-35,Rural,Tier3,5,75,89,1
614,Female,31-35,Urban,Tier2,1,88,82,1
615,Male,20-25,Urban,Tier2,4,75,73,1
616,Female,31-35,Urban,Tier1,2,92,85,1
617,Female,20-25,Rural,Tier1,6,53,69,0
618,Male,31-35,Urban,Tier2,10,93,83,1
619,Male,31-35,Urban,Tier2,8,48,71,0
620,Male,26-30,Urban,Tier3,9,70,99,1
621,Male,26-30,Urban,Tier3,1,64,82,0
622,Female,26-30,Urban,Tier3,3,57,65,0
623,Female,31-35,Urban,Tier1,6,78,84,1
624,Female,31-35,Urban,Tier2,8,80,53,0
625,Male,20-25,Rural,Tier2,10,48,85,1
626,Male,26-30,Rural,Tier2,1,88,62,1
627,Female,26-30,Rural,Tier3,10,87,97,1
628,Female,31-35,Urban,Tier1,1,41,64,0
629,Male,20-25,Urban,Tier2,2,58,83,1
630,Female,20-25,Urban,Tier3,3,88,74,1
631,Male,26-30,Urban,Tier2,10,87,75,1
632,Male,31-35,Urban,Tier2,4,84,82,1
633,Male,31-35,Urban,Tier3,10,60,75,1
634,Male,20-25,Urban,Tier2,7,93,54,1
635,Female,31-35,Urban,Tier2,3,58,68,0
636,Male,31-35,Urban,Tier3,8,47,64,0
637,Male,26-30,Urban,Tier1,9,94,56,1
638,Male,26-30,Rural,Tier1,2,99,60,1
639,Male,31-35,Rural,Tier3,4,71,90,1
640,Female,20-25,Rural,Tier2,2,73,44,0
641,Male,26-30,Urban,Tier1,3,96,53,1
642,Female,26-30,Urban,Tier3,9,73,70,0
643,Male,20-25,Urban,Tier2,10,79,98,1
644,Male,31-35,Rural,Tier2,1,64,56,0
645,Female,20-25,Urban,Tier3,8,91,72,1
646,Female,26-30,Urban,Tier2,5,72,45,0
647,Male,20-25,Rural,Tier2,0,80,44,0
648,Male,26-30,Rural,Tier3,6,93,46,1
649,Male,26-30,Rural,Tier3,6,81,92,1
650,Male,31-35,Urban,Tier2,5,42,45,0
651,Male,20-25,Rural,Tier2,9,92,54,1
652,Female,26-30,Urban,Tier2,5,41,64,0
653,Male,26-30,Rural,Tier2,9,42,84,1
654,Male,26-30,Urban,Tier2,10,59,78,1
655,Male,20-25,Rural,Tier2,10,41,70,0
656,Male,26-30,Urban,Tier2,8,58,80,1
657,Male,20-25,Rural,Tier3,10,63,100,1
658,Male,26-30,Urban,Tier1,0,76,78,1
659,Female,26-30,Rural,Tier2,5,53,66,0
660,Male,20-25,Urban,Tier3,3,47,51,0
661,Male,31-35,Rural,Tier3,7,81,75,1
662,Male,20-25,Urban,Tier1,9,71,100,1
663,Female,26-30,Rural,Tier2,4,79,44,0
664,Male,26-30,Urban,Tier2,4,84,77,1
665,Male,26-30,Urban,Tier2,6,50,40,0
666,Female,20-25,Urban,Tier3,6,57,93,0
667,Female,20-25,Rural,Tier3,7,68,62,0
668,Female,26-30,Urban,Tier2,1,93,57,0
669,Male,31-35,Urban,Tier3,10,44,86,1
670,Male,31-35,Rural,Tier2,9,77,65,1
671,Male,31-35,Urban,Tier2,8,70,81,1
672,Male,26-30,Urban,Tier3,4,48,69,0
673,Male,26-30,Urban,Tier2,9,83,50,1
674,Male,26-30,Urban,Tier3,10,95,49,1
675,Female,31-35,Urban,Tier3,3,44,56,0
676,Female,20-25,Rural,Tier2,5,64,70,0
677,Female,31-35,Urban,Tier2,1,85,73,0
678,Female,31-35,Urban,Tier2,2,64,81,0
679,Female,26-30,Rural,Tier3,8,56,64,0
680,Male,26-30,Urban,Tier3,7,90,70,1
681,Male,26-30,Urban,Tier1,1,72,81,1
682,Female,20-25,Urban,Tier2,1,82,54,0
683,Female,31-35,Rural,Tier2,7,70,53,0
684,Male,26-30,Urban,Tier2,2,76,77,1
685,Male,20-25,Urban,Tier3,2,43,50,0
686,Female,31-35,Urban,Tier2,9,80,41,0
687,Female,31-35,Urban,Tier2,7,95,70,1
688,Male,20-25,Urban,Tier1,9,92,89,1
689,Male,26-30,Urban,Tier1,10,61,99,1
690,Female,26-30,Urban,Tier2,2,46,41,0
691,Male,26-30,Rural,Tier2,2,78,46,0
692,Male,26-30,Rural,Tier1,8,72,88,1
693,Male,20-25,Rural,Tier3,8,92,40,0
694,Female,26-30,Urban,Tier1,8,67,54,0
695,Female,31-35,Urban,Tier2,9,46,67,0
696,Male,20-25,Rural,Tier3,1,58,78,0
697,Female,20-25,Urban,Tier3,0,76,73,0
698,Male,26-30,Urban,Tier2,5,66,63,0
699,Male,20-25,Rural,Tier2,8,67,76,1
700,Female,26-30,Rural,Tier2,3,66,75,0
701,Female,20-25,Urban,Tier2,4,76,62,0
702,Female,31-35,Rural,Tier2,3,68,90,1
703,Male,20-25,Urban,Tier3,8,79,84,1
704,Male,20-25,Rural,Tier1,1,92,49,1
705,Female,31-35,Urban,Tier1,3,63,45,0
706,Male,31-35,Rural,Tier2,10,73,58,1
707,Male,31-35,Rural,Tier2,7,40,52,0
708,Female,20-25,Rural,Tier2,3,79,50,0
709,Male,26-30,Rural,Tier3,1,57,89,0
710,Female,26-30,Urban,Tier2,8,40,87,0
711,Male,31-35,Urban,Tier3,8,98,77,1
712,Female,26-30,Rural,Tier2,3,69,99,1
713,Female,26-30,Urban,Tier2,1,75,44,0
714,Female,26-30,Urban,Tier2,4,96,74,1
715,Female,26-30,Rural,Tier2,3,88,61,0
716,Female,26-30,Rural,Tier3,7,47,56,0
717,Male,26-30,Rural,Tier2,3,91,60,1
718,Female,31-35,Urban,Tier1,4,55,58,0
719,Male,26-30,Rural,Tier2,8,99,51,1
720,Female,26-30,Urban,Tier2,2,100,87,1
721,Male,26-30,Urban,Tier3,4,53,54,0
722,Male,31-35,Rural,Tier2,1,47,98,1
723,Male,26-30,Rural,Tier2,8,42,94,1
724,Female,26-30,Urban,Tier3,9,95,57,1
725,Female,20-25,Rural,Tier2,6,54,88,0
726,Male,20-25,Rural,Tier2,8,42,72,0
727,Female,26-30,Rural,Tier1,1,84,73,1
728,Female,26-30,Urban,Tier2,6,77,46,0
729,Female,26-30,Rural,Tier1,4,55,57,0
730,Female,31-35,Urban,Tier1,6,53,66,0
731,Female,26-30,Urban,Tier2,9,48,76,0
732,Male,31-35,Rural,Tier3,8,67,94,1
733,Female,20-25,Rural,Tier3,7,91,40,0
734,Male,26-30,Urban,Tier3,10,73,74,1
735,Female,31-35,Urban,Tier2,9,43,65,0
736,Male,26-30,Urban,Tier3,7,93,80,1
737,Male,26-30,Urban,Tier2,8,75,99,1
738,Female,26-30,Urban,Tier2,10,78,52,0
739,Male,31-35,Urban,Tier2,8,71,89,1
740,Female,31-35,Urban,Tier2,10,49,95,1
741,Male,26-30,Rural,Tier2,9,76,65,1
742,Male,20-25,Urban,Tier2,10,58,85,1
743,Female,26-30,Urban,Tier3,5,87,77,1
744,Female,26-30,Urban,Tier1,3,82,56,0
745,Male,20-25,Urban,Tier1,7,75,43,0
746,Male,31-35,Urban,Tier3,1,56,79,0
747,Male,20-25,Rural,Tier2,3,55,87,1
748,Female,26-30,Urban,Tier2,2,41,42,0
749,Female,31-35,Urban,Tier2,8,99,57,1
750,Female,20-25,Rural,Tier2,9,78,69,1
751,Female,26-30,Rural,Tier2,5,70,74,0
752,Male,31-35,Urban,Tier2,4,49,59,0
753,Male,20-25,Rural,Tier3,5,58,70,0
754,Male,26-30,Urban,Tier3,4,40,89,0
755,Female,31-35,Urban,Tier3,8,63,52,0
756,Female,31-35,Urban,Tier2,10,64,93,1
757,Female,20-25,Urban,Tier2,8,88,91,1
758,Female,20-25,Rural,Tier3,6,52,94,0
759,Male,20-25,Urban,Tier2,9,68,57,1
760,Female,20-25,Urban,Tier1,8,41,51,0
761,Male,20-25,Urban,Tier2,0,54,45,0
762,Male,20-25,Urban,Tier2,7,63,69,1
763,Male,26-30,Rural,Tier3,0,57,89,0
764,Female,20-25,Urban,Tier1,4,92,64,1
765,Male,20-25,Rural,Tier2,7,55,87,1
766,Male,20-25,Rural,Tier1,10,53,70,1
767,Female,26-30,Urban,Tier2,10,86,42,0
768,Male,20-25,Rural,Tier1,0,95,82,1
769,Male,31-35,Urban,Tier2,0,50,90,0
770,Female,26-30,Urban,Tier2,0,77,90,1
771,Female,26-30,Urban,Tier3,3,50,71,0
772,Male,26-30,Urban,Tier3,10,43,43,0
773,Female,26-30,Rural,Tier3,2,71,54,0
774,Female,31-35,Rural,Tier3,7,86,52,0
775,Male,26-30,Urban,Tier1,0,71,85,1
776,Female,26-30,Urban,Tier2,9,51,74,0
777,Female,26-30,Urban,Tier3,9,98,95,1
778,Male,20-25,Urban,Tier2,4,74,63,1
779,Female,20-25,Rural,Tier2,2,96,41,0
780,Female,31-35,Urban,Tier3,10,74,92,1
781,Female,20-25,Rural,Tier3,2,79,58,0
782,Female,26-30,Urban,Tier1,10,44,42,0
783,Male,20-25,Urban,Tier1,3,46,42,0
784,Female,26-30,Urban,Tier3,4,43,63,0
785,Male,26-30,Urban,Tier3,3,81,71,1
786,Male,26-30,Rural,Tier2,6,92,63,1
787,Male,31-35,Urban,Tier1,1,93,59,1
788,Male,31-35,Rural,Tier1,3,74,64,1
789,Male,20-25,Rural,Tier2,2,75,87,1
790,Female,31-35,Rural,Tier2,10,69,84,1
791,Female,31-35,Urban,Tier1,6,72,61,0
792,Male,26-30,Urban,Tier3,5,75,60,0
793,Female,26-30,Rural,Tier3,5,78,55,0
794,Male,26-30,Urban,Tier3,5,68,68,0
795,Female,20-25,Urban,Tier2,0,73,48,0
796,Female,20-25,Rural,Tier2,5,41,89,0
797,Female,31-35,Urban,Tier2,9,49,46,0
798,Male,26-30,Urban,Tier2,9,55,54,0
799,Female,31-35,Urban,Tier2,3,86,44,0
800,Female,31-35,Urban,Tier3,9,92,98,1
